{
  "project_info": {
    "project_number": "218803080731",
    "firebase_url": "https://finalproject-c482e.firebaseio.com",
    "project_id": "finalproject-c482e",
    "storage_bucket": "finalproject-c482e.appspot.com"
  },
  "client": [
    {
      "client_info": {
        "mobilesdk_app_id": "1:218803080731:android:2dfb7cbc4fa8b6b86672be",
        "android_client_info": {
          "package_name": "com.example.finalproject"
        }
      },
      "oauth_client": [
        {
          "client_id": "218803080731-vp02dignja9quo6490knu1f875ap4h6e.apps.googleusercontent.com",
          "client_type": 1,
          "android_info": {
            "package_name": "com.example.finalproject",
            "certificate_hash": "0dd647d1e42b731993f658b69d8f2bf7d39adc48"
          }
        },
        {
          "client_id": "218803080731-tiepnr7qv4ch8nn6o6mv472gp55lathr.apps.googleusercontent.com",
          "client_type": 3
        }
      ],
      "api_key": [
        {
          "current_key": "AIzaSyBd8Dh0JxZdoBVNdpONlf2F05P-xfvoNCE"
        }
      ],
      "services": {
        "appinvite_service": {
          "other_platform_oauth_client": [
            {
              "client_id": "218803080731-tiepnr7qv4ch8nn6o6mv472gp55lathr.apps.googleusercontent.com",
              "client_type": 3
            }
          ]
        }
      }
    }
  ],
  "configuration_version": "1"
}